AptName,AptAddress,BedroomNo,BathroomNo,Rent,Area,lat,lng,distanceToPurdue,crimeRate,grocery_w/n_.5mi,busStops_w/n_.1mi
824 N 10Th St,"824 N 10th St, Lafayette IN 47904",0,1,325,300,40.42501214,-86.88586952,1.461698779,2,0,4
1000 N 6Th St,"1000 N 6th St, Lafayette IN 47904",1,1,425,700,40.426809,-86.890835,1.208633745,5,0,1
Twin View,"317 Vine St, West Lafayette IN 47906",1,1,795,410,40.42643682,-86.90823951,0.307249405,6,4,3
910 Union St.,"910 Union St, Lafayette IN 47904",3,3,900,2000,40.42478686,-86.88669139,1.418358024,2,0,4
3348 Chaucer Drive,"3348 Chaucer Dr, Lafayette IN 47909",2,1,695,900,40.37706396,-86.86938017,4.036935621,0,0,0
1932 Union Street,"1932 Union Street, Lafayette IN 47904",2,2,400,1100,40.42481001,-86.87534257,2.015469922,0,0,0
207 West Fowler Avenue,"207 Fowler Avenue, West Lafayette IN 47906",1,1,760,550,40.42748471,-86.90717302,0.389231047,6,4,3
Ananda Apartments,"1010 North Salisbury Street, West Lafayette IN 47906",2,1.5,460,1230,40.435308,-86.905734,0.839442075,5,1,2
Franklin Park,"2543 Neil Armstrong Dr, West Lafayette IN 47906",3,2,350,1120,40.4549763,-86.9304577,2.26772577,4,2,0
Embassy Square,"905 N 7th St, Lafayette IN 47904",1,1,645,560,40.42585316,-86.88940559,1.277768182,4,0,0
Sycamore Place,"2475 Sycamore Lane, West Lafayette IN 47906",1,1,670,618,40.45269486,-86.92272631,1.988746608,4,3,0
Waterfront Apartments,"320 Brown St, West Lafayette IN 47906",4,2,262,1400,40.42456435,-86.8997056,0.733751152,6,5,0
Village Center,"201 Northwestern Ave, West Lafayette IN 47906",0,1,950,325,40.42584936,-86.9079795,0.307614342,6,4,1
The Harbor At Southaven,"1808 Wallhaven Dr., Lafayette IN 47909",2,2,850,1014,40.37672694,-86.87515559,3.889326171,0,0,0
450 North Salisbury Street,"450 North Salisbury Street, West Lafayette IN 47906",1,1,650,500,40.42917232,-86.90557246,0.522947568,6,4,0
1403 N. 15Th St.,"1403 N. 15th St., Lafayette IN 47904",4,2,900,1600,40.43131439,-86.88108947,1.771864553,0,1,0
427 Chauncey Avenue,"427 North Chauncey Avenue, West Lafayette IN 47906",0,1,700,330,40.42795042,-86.90706879,0.410386206,6,4,1
West Lafayette Schools!,"233 Sharon Road, West Lafayette IN 47906",4,2,1650,1800,40.4545087,-86.90103254,2.160397259,1,1,1
2007 N 16Th,"2007 North 16th Street, Lafayette IN 47904",5,3,1200,2000,40.43708824,-86.88023574,1.953414033,0,0,0
Hislope,"238 Pierce St, West Lafayette IN 47906",3,1,455,800,40.42120165,-86.90903021,0.345853888,6,4,2
110 W Lutz Ave,"110 W Lutz Ave, West Lafayette IN 47906",2,1,960,900,40.42888964,-86.9063685,0.477605494,6,4,0
Wabash Landing Apartments,"375 Brown St, West Lafayette IN 47906",2,2,1560,1224,40.42195308,-86.90089105,0.698777128,5,5,3
Global Village Apartmentd,"139 Northwestern Avenue, West Lafayette IN 47906",0,1,850,460,40.42502828,-86.90807814,0.293683347,6,4,1
Fuse Apartments,"720 Northwestern Avenue, West Lafayette IN 47906",1,1,1379,519,40.43261975,-86.91480593,0.546481734,5,2,3
Crosspoint - Amelia Ave.,"3966 Amelia Ave., Lafayette IN 47905",1,1,695,650,40.3983266,-86.83092503,4.721194151,0,0,0
606 N. 13th street,"606 N. 13th street, Lafayette IN 47904",1,1,525,732,40.42289466,-86.88324342,1.604990242,1,0,0
Franklin Park Apartments,"2407 Neil Armstrong Dr, West Lafayette IN 47906",2,2,875,952,40.45306718,-86.92800897,2.097076936,4,2,0
120 Asher Street Apt 3,"120-3 Asher Street, Lafayette IN 47905",1,1,425,800,40.41853442,-86.87914195,1.865972216,0,0,0
120 Asher Street Apt 2,"120-2 Asher St, Lafayette IN 47901",1,1,450,750,40.41853442,-86.87914195,1.865972216,0,0,0
River Market,"108 South River Road, West Lafayette IN 47906",2,1,429,648,40.42124338,-86.90473648,0.52825025,5,5,2
Rivercross Apts.,"915 N 6th Street, Lafayette IN 47904",2,1,310,760,40.42592786,-86.89061517,1.214575075,4,0,1
Boardwalk,"112 W Wood St., West Lafayette IN 47906",2,2,1390,974,40.42178476,-86.90688885,0.410925392,6,5,0
The Cottages,"705 Evergreen, West Lafayette IN 47906",4,1,435,1589,40.4322565,-86.91403031,0.51836394,6,2,2
204 Chippewa Street,"204 Chippewa Street, West Lafayette IN 47906",4,2.5,1500,2400,40.4492301,-86.90324318,1.777492766,2,2,0
309 Lawn Ave,"309 Lawn Ave, West Lafayette IN 47906",3,2,1500,1800,40.432662,-86.90854465,0.608469269,6,3,0
1431 Woodland Avenue,"1431 Woodland Avenue, West Lafayette IN 47906",3,1,1700,2000,40.43964094,-86.91576573,1.03436239,3,2,0
S&S Rentals 765-418-2800,"1013 N 8th St, Lafayette IN 47904",2,1,565,900,40.4269071,-86.88819614,1.347345255,3,0,3
Parkway Apartments,"2501 Soldiers Home Road, West Lafayette IN 47906",2,1,290,800,40.4534124,-86.9029967,2.057921669,2,3,2
Bradford Place,"3224 S. 9th St., Lafayette IN 47909",2,1,625,800,40.38044366,-86.885745,3.39695121,0,0,0
Mayfair Village,"2450 Sycamore Lane, West Lafayette IN 47906",2,1,288,279,40.45193586,-86.92133511,1.921142018,4,4,0
Blackbird Farms,"2411 Kestral Blvd., West Lafayette IN 47906",3,2,1010,1200,40.44509001,-86.9423298,2.061644795,2,0,4
Salem Courthouse,"3008 Courthouse Drive E., West Lafayette IN 47907",2,1,385,933,40.46314353,-86.92717908,2.74653713,3,0,0
Grant Street Station - New Luxury Apartments,"320 S. Grant Street, West Lafayette IN 47906",1,1,1375,600,40.41972588,-86.91018255,0.392969727,5,3,5
The Lodge,"2101 Cumberland Avenue, West Lafayette IN 47906",3,3,320,903,40.4568192,-86.9480031,2.859119761,2,0,0
525 1/2 Vine,"525 Vine, West Lafayette IN 47906",2,1,1060,675,40.43013516,-86.90828438,0.466443763,6,5,2
328 Lawn Ave,"328 Lawn Avenue, West Lafayette IN 47906",3,1.5,1500,1500,40.43283321,-86.90893715,0.610436073,6,2,0
Pickwick Place,"231 Pierce St, West Lafayette IN 47906",3,1,1290,900,40.42126664,-86.9092491,0.334603079,6,4,3
540 Vine St.,"540 Vine St., West Lafayette IN 47906",6,2,2250,1000,40.43025808,-86.90806198,0.48030573,6,5,2
1628 Tabor Court,"1628 Tabor Court, Lafayette IN 47909",3,2,1100,1300,40.36857837,-86.87949625,4.279064873,0,0,0
Uptown West,"712 N 6th St, Lafayette IN 47901",2,1,635,724,40.42407819,-86.89081296,1.202438919,4,2,0
Butterfield,"3012 Butterfield Ct, Lafayette IN 47909",2,2,860,900,40.38487044,-86.91214289,2.758251096,0,0,0
Mccormick Place Apartments,"2110 McCormick Road, West Lafayette IN 47906",1,1,810,750,40.44782476,-86.94395319,2.254353267,2,0,0
250 Schilling ----White Door Management,"250 Schilling Street, West Lafayette IN 47906",3,1,850,1000,40.43623716,-86.90323728,0.963870079,5,0,0
32 N Salisbury Street,"32 N Salisbury St, West Lafayette IN 47906",4,3,2100,1300,40.42353319,-86.9055015,0.437012749,6,5,0
24 South 8th Street,"24 South 8th Street, Lafayette IN 47901",4,2,800,2200,40.41709463,-86.88778015,1.460672143,1,1,0
802 S 9Th St,"802 S 9th St, Lafayette IN 47905",2,1,750,850,40.408721,-86.88654527,1.806450202,0,0,0
920 S 21st Street ,"920 S 21st St, Lafayette IN 47905",3,2,275,200,40.40799445,-86.87332378,2.417790544,0,0,0
802-804 Ferry St,"802-804 Ferry St, Lafayette IN 47901",3,2,850,1700,40.42011289,-86.88808984,1.382681312,2,1,4
351 South Chauncey Avenue,"351 South Chauncey Avenue, West Lafayette IN 47906",1,1,610,500,40.41936879,-86.90878178,0.452254219,5,3,5
Park Place On Chauncey,"440 S Chauncey Ave, West Lafayette IN 47906",2,2,610,888,40.41784536,-86.908916,0.539028185,5,2,4
Maplehouse,"488 Maple Street, West Lafayette IN 47906",3,2,1350,1500,40.4303437,-86.90429997,0.62510731,6,3,2
106 Sylvia Street,"106 Sylvia Street, West Lafayette IN 47906",0,1,475,1200,40.42988554,-86.90660564,0.512553953,6,5,2
250 Sheetz St.,"250 Sheetz St., West Lafayette IN 47906",4,3,2100,1300,40.42123172,-86.91208999,0.257421555,6,3,1
Park Place on Chauncey,"440 S Chauncey Ave, West Lafayette IN 47906",3,3,1680,1043,40.41784536,-86.908916,0.539028185,5,2,4
120 Dehart,"120 Dehart, West Lafayette IN 47906",2,1,985,950,40.43274298,-86.90451091,0.731708146,6,0,2
419 Dodge Street,"419 Dodge Street, West Lafayette IN 47906",1,1,550,600,40.43315093,-86.91081359,0.598676967,6,2,1
Campus Housing,"428 N. Grant St., West Lafayette IN 47906",4,4,1800,1500,40.42866774,-86.91029222,0.322579878,6,5,2
439 Salisbury St.,"439 North Salisbury St., West Lafayette IN 47906",3,2,1500,1500,40.42817933,-86.90577135,0.4770371,6,4,0
1630 N 13Th St,"1630 N 13th St, Lafayette IN 47904",3,1,750,1500,40.43368365,-86.88354065,1.699809076,0,0,0
Fuse Purdue,"720 Northwestern Avenue, West Lafayette IN 47906",2,1,894,790,40.43261975,-86.91480593,0.546481734,5,2,3
Cedarwood,"527 N Grant St, West Lafayette IN 47906",4,2,485,1000,40.43098,-86.910521,0.460183084,6,4,2
Evergreen Rentals,"422 S Grant St, West Lafayette IN 47906",4,1,300,1000,40.41806613,-86.9101532,0.498005574,5,2,2
River Market Apartment,"221 East State Street, West Lafayette IN 47906",0,1,739,410,40.42283098,-86.90610196,0.418919121,6,5,0
206 West Lutz,"206 W Lutz Ave, West Lafayette IN 47906",4,2,2000,2000,40.42890168,-86.90718039,0.444615203,6,5,1
216 Sylvia Street House,"216 Sylvia Street, West Lafayette IN 47906",4,2,1980,2000,40.42989659,-86.9074091,0.48343665,6,5,3
112 East Oak Street House,"112 East Oak Street, West Lafayette IN 47906",4,2,1900,2000,40.43178172,-86.90420372,0.694493894,6,1,2
Anthrop Pointe,"1105 Anthrop Dr, West Lafayette IN 47906",3,2,425,1488,40.45204106,-86.92204196,1.936388208,4,3,0
715 N. 10Th St. Apt #3,"715 N 10th St, Lafayette IN 47904",1,1,550,500,40.42385515,-86.88586465,1.463208615,2,0,4
"Stockton Crossing (Erie St., Laf)","311 Erie Street, Lafayette IN 47904",3,2,420,1280,40.42049883,-86.88366574,1.604881255,0,0,0
Riverbend Townhouses,"202 S. River Road, West Lafayette IN 47906",4,2.5,1800,1400,40.42045661,-86.90520609,0.534689461,5,5,2
Waldron Square                     ,"621 Waldron St., West Lafayette                 IN 47906",1,1,720,580,40.43056533,-86.91806358,0.463484555,5,2,3
707 s 1st street ,"707 s 1st street ,  Lafayette IN 47905",4,2,850,1725,40.41182583,-86.89900974,1.180158283,3,1,0
816 Salem Street,"816 Salem Street, Lafayette IN 47904",3,1,900,1284,40.42578092,-86.88797468,1.352661721,3,0,3
620-622 1/2 South 10Th St,"620 S 10th St, Lafayette IN 47905",1,1,595,794,40.410775,-86.88544688,1.771093558,0,0,0
2703 Manchester St,"2703 Manchester St, West Lafayette IN 47906",1,1,475,1320,40.45675512,-86.92029494,2.238661672,4,5,0
1102 Lindberg Road,"1102 Lindberg Road, West Lafayette IN 47906",3,2,390,1800,40.4460376,-86.92061265,1.515400672,3,2,1
1823 Underwood Street,"1823 Underwood Street, Lafayette IN 47904",2,1,665,1100,40.43764219,-86.87720859,2.113707505,0,1,0
114 South 6th Street,"114 S 6th St, Lafayette IN 47901",3,1,720,1300,40.41597562,-86.8907087,1.351221499,2,1,0
Harrison Commons,"433 Harrison St., West Lafayette IN 47906",2,1,1020,640,40.42023164,-86.9109747,0.343286063,5,3,4
Pheasant Run Apartments,"3090 Pheasant Run Dr, Lafayette IN 47909",0,1,489,465,40.38474447,-86.86070693,3.925996325,0,0,0
1319 Cincinnati,"1319 Cincinnati Street, Lafayette IN 47904",4,1,825,1200,40.42265277,-86.88285777,1.626631895,0,0,0
The Josie,"427 N. Salisbury Street, West Lafayette IN 47906",1,1,815,450,40.42808038,-86.90577076,0.473716156,6,4,0
Peppermill Village Apartment,"3303 Peppermill Drive, West Lafayette IN 47906",1,1,555,625,40.46160816,-86.92612117,2.629758838,4,1,2
230 South Grant Street,"230 S Grant St, West Lafayette IN 47906",0,1,625,375,40.42105188,-86.91020266,0.314067638,6,3,4
Woodcrest,"102 West Wood Street, West Lafayette IN 47906",2,1,980,650,40.42175224,-86.90684116,0.41422335,6,5,0
2112 Bridgewater Ct,"2112 Bridgewater Cir, Lafayette IN 47909",2,2,795,1200,40.37026341,-86.86867168,4.448874459,0,0,0
24 N Salisbury St,"24 N. Salisbury St, West Lafayette IN 47906",4,5,2500,1850,40.42333894,-86.9054995,0.439922482,6,5,0
Mccormick Place Apartments *$1000 Sign On Bonus*,"2081 Lindberg Road, West Lafayette IN 47906",1,1,780,750,40.44601,-86.9338252,1.811955622,2,0,0
Fuse,"720 Northwestern Avenue, West Lafayette IN 47906",4,2,759,1200,40.43261975,-86.91480593,0.546481734,5,2,3
Treece Meadows,"1016 Julia Ln, Lafayette IN 47905",2,1,650,1100,40.40523519,-86.834916,4.357360857,0,0,0
Williamsburg On The Wabash- Furnished,"400 North River Road, West Lafayette IN 47906",2,2,290,1024,40.4256701,-86.9022181,0.604690647,6,5,1
Williamsburg On The Wabash,"400 North River Road, West Lafayette IN 47906",2,1,720,811,40.4256701,-86.9022181,0.604690647,6,5,1
williamsburg on the wabash,"400 north river road, West Lafayette IN 47906",2,1,620,850,40.4256701,-86.9022181,0.604690647,6,5,1
224 S. 14Th St.,"224 S. 14th St., Lafayette IN 47905",4,2,1000,1900,40.4152069,-86.88191252,1.795758126,0,0,0
476 Maple Street,"476 Maple Street, West Lafayette IN 47906",4,2,1700,2000,40.42998452,-86.90429887,0.610147306,6,4,1
1700 South 13Th Street,"1700 South 13th Street, Lafayette IN 47905",4,2,375,1500,40.40074,-86.882363,2.338192045,0,0,0
Morris Rentals,"219 Littleton, West Lafayette IN 47906",4,1,350,963,40.42526919,-86.90432024,0.492074377,6,5,1
1125 N. 12Th St.,"1125 North 12th Street, Lafayette IN 47904",5,2,1400,2500,40.42805852,-86.88410251,1.571138122,1,0,0
Shenandoah Properties,"3601 Driftwood Drive North, Lafayette IN 47905",1,1,619,860,40.4223561,-86.8452756,3.601327532,0,1,0
North Street,"1112 North Street, Lafayette IN 47904",1,1,450,750,40.42100009,-86.88471904,1.544220916,1,0,0
911 North St,"911 North St, Lafayette IN 47904",1,1,525,700,40.42082928,-86.88661792,1.448005301,2,1,3
Beograd,"122 West Wood Street, West Lafayette IN 47906",4,2,1496,1064,40.42181671,-86.90693691,0.407631165,6,5,0
2000 Valdez Drive,"2000 Valdez Drive, Lafayette IN 47905",2,2,550,900,40.436828,-86.845706,3.670447234,0,1,0
"102 N. Third Street, Lafayette, IN","102 N 3rd St, Lafayette IN 47901",2,2,1800,1726,40.41837669,-86.89434374,1.107511925,5,3,3
333 Stadium Ave,"333 W Stadium Ave, West Lafayette IN 47906",0,8,3160,1200,40.43075305,-86.90894984,0.482258408,6,5,4
405 North Salisbury Street,"405 North Salisbury Street, West Lafayette IN 47906",4,1,500,2000,40.42789898,-86.90576937,0.467840041,6,4,1
Little Sally's,"300 N Salisbury St, West Lafayette IN 47906",4,2,405,1000,40.425833,-86.905529,0.433589163,6,5,1
Crestview North,"272 Littleton St, West Lafayette IN 47906",2,1,430,816,40.42667216,-86.90346212,0.551987156,6,5,2
The Bluffs,"305 Montefiore St, Lafayette IN 47905",1,1,499,670,40.401628,-86.894305,1.895452268,0,0,0
130 West Lutz,"130 West Lutz Avenue, West Lafayette IN 47906",4,2,1640,1800,40.42889092,-86.90646748,0.473492158,6,4,0
145 East Oak Street,"145 East Oak Street, West Lafayette IN 47906",5,2,2000,2000,40.43161546,-86.90379316,0.702309603,6,1,0
Pearl Apartments,"610 South Street, Lafayette IN 47901",2,1,900,850,40.417413,-86.89028147,1.330319998,2,1,0
233 South Chauncey,"233 S Chauncey Ave, West Lafayette IN 47906",1,1,700,450,40.42117932,-86.90799855,0.386918992,6,5,0
2422 Sycamore Lane,"2422 Sycamore Lane, West Lafayette IN 47906",3,2,400,1500,40.45130899,-86.92045128,1.869355051,4,4,0
510 romig st.,"510 romig, lafayette IN 47901",3,2,850,3000,40.41393505,-86.89154894,1.38283973,1,1,0
230 Littleton Street,"230 Littleton Street, West Lafayette IN 47906",1,1,900,400,40.42547228,-86.90400746,0.509649829,6,5,2
Hislope Management,"333 West Stadium Avenue, West Lafayette IN 47906",0,1,1820,1200,40.43075305,-86.90894984,0.482258408,6,5,4
710 North Grant Street,"710 North Grant Street, West Lafayette IN 47906",4,3.5,500,2500,40.43291147,-86.91059064,0.585775869,6,2,0
Stratford 1,"122 North Street, West Lafayette IN 47906",4,2,1740,950,40.42580817,-86.90638361,0.389038153,6,5,1
423 Dodge Street,"423 Dodge St., West Lafayette IN 47906",7,2,2200,2000,40.43315133,-86.91084861,0.598247042,6,2,1
2212 Meadow Drive,"2212 Meadow Drive, Lafayette IN 47909",3,2,875,1300,40.39466807,-86.87680673,2.843481211,0,0,0
Kylee Kove - 326 S Chauncey,"326 South Chauncey Avenue, West Lafayette IN 47906",2,1,1160,1050,40.41937275,-86.90855318,0.458950576,5,3,3
843 Hartford Street,"843 Hartford St, Lafayette IN 47904",2,1,700,600,40.427601,-86.88772729,1.37786727,3,0,2
Renaissance Place,"225 N 2nd St, Lafayette IN 47901",2,2,1600,1388,40.41939442,-86.89537281,1.030708684,5,3,2
1520 Summit Drive,"1520 Summit Drive, West Lafayette IN 47906",3,2,250,1479,40.44050231,-86.91968149,1.133229537,3,0,0
437 Maple St,"437 maple st, West Lafayette IN 47906",4,2,425,2700,40.42861337,-86.90450151,0.549980001,6,4,0
2915 1/2 South Street,"2915 South St, Lafayette IN 47904",2,1,500,800,40.41741386,-86.86387943,2.667530205,0,1,0
818 Main St,"818 Main St, Lafayette IN 47901",1,1,900,1200,40.41921007,-86.88749511,1.428625876,2,1,4
24 South 8th St,"24 S 8th St, Lafayette IN 47901",4,2,800,1200,40.41709463,-86.88778015,1.460672143,1,1,0
2915 South st,"2915 South St, Lafayette IN 47904",2,1,495,700,40.41741386,-86.86387943,2.667530205,0,1,0
The Lodge Apartments,"2101 Cumberland Avenue, West Lafayette IN 47906",2,2,460,908,40.4568192,-86.9480031,2.859119761,2,0,0
Greenbush Crossings,"2025 Greenbush Street, Lafayette IN 47904",0,1,475,550,40.43202167,-86.87362065,2.16489747,0,1,0
Salem House,"711 Salem Street, Lafayette IN 47904",4,2,400,250,40.425616,-86.88926519,1.284286962,3,0,0
108 S RIVER RD,"108 S River Rd, West Lafayette IN 47906",2,1,380,700,40.42124338,-86.90473648,0.52825025,5,5,2
Summit House,"1725 Summit Dr, West Lafayette IN 47906",4,2,500,1500,40.44286514,-86.92106732,1.310641736,2,0,0
Riverbend Apartments,"202 S River Rd, West Lafayette IN 47906",4,3,470,1500,40.42045661,-86.90520609,0.534689461,5,5,2
50 Ironwood,"50 Ironwood Ct, Lafayette IN 47905",2,1,750,1500,40.42756069,-86.83133406,4.335174116,0,0,0
321 Vine Street,"321 Vine St., West Lafayette IN 47906",0,1,465,429,40.42655,-86.908242,0.310160815,6,4,3
1710 Northwestern Ave,"1710 Northwestern Ave, West Lafayette IN 47906",2,2,965,2000,40.44305345,-86.9193896,1.299776725,2,0,0
Ashley Oaks,"3770 Ashley Oaks Dr, Lafayette IN 47905",2,1,769,975,40.42197126,-86.84115286,3.819290329,0,1,0
402 Perrin Avenue,"402 Perrin Avenue, Lafayette IN 47904",2,1,375,1100,40.42096936,-86.88127913,1.723222153,0,0,0
612-616 S. 10Th St,"616 S. 10th St, Lafayette IN 47905",1,2,875,1500,40.410809,-86.8854481,1.769757658,0,0,0
Salisbury Place,"120 S Salisbury St, West Lafayette IN 47906",2,2,1280,819,40.42247544,-86.90557271,0.453373847,6,5,0
630 N 5Th,"630 N 5th St, Lafayette IN 47901",1,1,500,585,40.4231269,-86.89200598,1.14434189,4,3,1
DW Properties,"1410 Howell Street, Lafayette IN 47904",1,2,325,2100,40.43034512,-86.88204239,1.707075538,0,0,0
Wall Street,"704 N 6th St, Lafayette IN 47901",1,1,660,564,40.42403206,-86.89081161,1.202640024,4,2,0
Stadium Ave,"301 West Stadium Avenue, West Lafayette IN 47906",1,1,315,100,40.430744,-86.908318,0.499597641,6,5,3
1004 Main Street                   ,"1004 Main Street, Lafayette                      IN 47901",1,1,500,500,40.419207,-86.88566835,1.521484355,1,1,2
1707 Ferry Street,"1707 Ferry Street, Lafayette IN 47901",1,1,650,980,40.41887419,-86.87775349,1.932044787,0,0,0
2913 Beverly Lane,"2913 Beverly Lane, Lafayette IN 47904",3,2,850,1200,40.42735683,-86.86215944,2.71496688,0,1,0
Peppermill Village Apartments,"3366 Peppermill Drive, West Lafayette IN 47906",2,1,887,1170,40.462827,-86.926339,2.714210488,3,0,0
420 S. Chauncey,"420 S.Chauncey, West Lafayette IN 47906",2,1,980,800,40.42789091,-86.90685159,0.417928945,6,4,1
Ananda,"1010 N. Salisbury St., West Lafayette IN 47906",3,2.5,1395,980,40.435308,-86.905734,0.839442075,5,1,2
Thornhill,"3321 Thornhill Circle East, Lafayette IN 47909",2,2,825,1100,40.3718161,-86.8981343,3.749372807,0,0,0
159 S. 3rd St,"159 S. 3rd St, Lafayette IN 47901",3,3,865,1700,40.414626,-86.894121,1.243623003,3,1,0
355 W Oak,"355 West Oak Street, West Lafayette IN 47906",0,1,540,750,40.43167851,-86.90940848,0.5275264,6,3,4
The Blue Bear,"416 South 4th street, Lafayette IN 47901",1,1,550,954,40.41357551,-86.89311464,1.328623502,2,1,0
1419 Greenbush St.,"1419 Greenbush St, Lafayette IN 47904",2,1,650,1000,40.43199284,-86.8820554,1.735689697,0,0,0
940 Rose Street,"940 Rose Street, West Lafayette IN 47906",3,1,625,850,40.4355844,-86.90128758,0.991168731,5,0,0
1528 Alabama Street,"1528 Alabama Street, Lafayette IN 47905",1,1,595,500,40.41649277,-86.87963985,1.8785334,0,0,0
Waterfront,"320 Brown Street, West Lafayette IN 47906",3,2,260,1500,40.42456435,-86.8997056,0.733751152,6,5,0
704 Dodge,"704 Dodge, West Lafayette IN 47906",2,1,551,500,40.43336542,-86.91406466,0.595020412,5,2,2
Waterfront Condos,"320 Brown Street, West Lafayette IN 47906",3,2,1050,1200,40.42456435,-86.8997056,0.733751152,6,5,0
410 N. Chauncey,"410 N. Chauncey, West Lafayette IN 47906",2,1,350,800,40.42778796,-86.90684962,0.414381438,6,4,2
Test Property,"700 State St, Lafayette IN 47904",1,1,1350,100,40.424244,-86.915043,0.081619178,6,3,3
Anthrop Condo,"0 Anthrop Dr, West Lafayette IN 47906",2,2,795,1050,40.451945,-86.922515,1.935768796,4,3,0
Duplex for Rent - NICE!,"612 Vineyards Court, Lafayette IN 47905",3,2,890,1500,40.41167642,-86.83252112,4.363659847,0,2,0
350 S. Chauncey,"350 S. Chauncey, West Lafayette IN 47906",2,1,400,649,40.42620519,-86.9068331,0.372221973,6,5,2
1525 Ferry Street - 2,"1525 Ferry Street, Lafayette IN 47901",2,1,697,850,40.41949944,-86.88008533,1.803067855,0,0,0
1920 N 15Th St,"1920 N 15th St, Lafayette IN 47904",1,1,575,820,40.43643739,-86.88158805,1.869805425,0,0,0
936 Snowy Owl Ct,"936 Snowy Owl Ct, Lafayette IN 47904",0,1,650,709,40.429816,-86.8673502,2.460806667,0,1,0
2817 South St,"2817 South St, Lafayette IN 47905",3,2,750,1745,40.41740598,-86.86496112,2.611784121,0,1,0
Milo Property,"45 N Salisbury St, West Lafayette IN 47906",4,2,295,11,40.42326332,-86.90571473,0.43012121,6,5,0
1112 N. 9th St.,"1112 N. 9th St.,  Lafayette IN 47904",3,2,705,950,40.42791624,-86.88712013,1.412688309,3,0,2
Lauffer Apartments,"717 South Street, Lafayette IN 47901",2,3,1500,1550,40.41725227,-86.88834922,1.428815176,1,1,0
Cochran Benchmark 3,"439 South Chauncey Avenue, West Lafayette IN 47906",4,1.5,540,1300,40.41787072,-86.909132,0.532303274,5,2,4
818 North 10Th,"818 N 10th St, Lafayette IN 47904",1,1,500,550,40.42496585,-86.88586844,1.461721686,2,0,4
829 North Salisbury Street,"829 North Salisbury Street, West Lafayette IN 47906",0,1,510,480,40.433456,-86.905888,0.726481489,6,2,2
Main Street 1708,"1708 Main St, Lafayette IN 47904",1,1,525,550,40.41598001,-86.87695924,2.023704172,0,0,0
418 1/2 S Grant St,"418 1/2 South Grant St, West Lafayette IN 47906",1,1,500,600,40.41812211,-86.91015406,0.494395518,5,2,2
Salin Town Homes,"605 West Street, Lafayette IN 47905",3,2,925,1915,40.40346533,-86.90024571,1.632188261,0,0,0
Infinity Apartments,"1208 Holloway Drive, Lafayette IN 47905",2,1,650,750,40.40525158,-86.89768518,1.58872594,0,0,0
613 South 9Th St,"613 S 9th St, Lafayette IN 47901",1,1,680,700,40.41083113,-86.8864077,1.726784942,0,0,0
1114-1116 North 9Th St,"1116 North 9th St, Lafayette IN 47904",1,1,590,800,40.42795367,-86.88712157,1.41301418,3,0,2
910 N 6Th St,"910 N 6th St, Lafayette IN 47904",4,2,825,1300,40.42589661,-86.89083101,1.203101617,4,0,1
311 Fowler,"311 Fowler Avenue, West Lafayette IN 47906",4,2,2200,2000,40.42750815,-86.90840226,0.334998523,6,5,3
3104 Longlois Drive,"3104 Longlois Drive, Lafayette IN 47904",3,1,725,950,40.43709885,-86.86179154,2.858334406,0,0,0
Stratford Two,"305 North Salisbury Street, West Lafayette IN 47906",4,2,445,1000,40.42585914,-86.90574435,0.422749498,6,5,1
River Market Apartments,"108 S River Rd, West Lafayette IN 47906",0,1,629,420,40.42124338,-86.90473648,0.52825025,5,5,2
One Furnished Apartment,"320 Brown Street, West Lafayette IN 47906",3,2,1150,1020,40.42456435,-86.8997056,0.733751152,6,5,0
Chauncy Square,"102 North Chauncey Avenue, West Lafayette IN 47906",2,1,849,650,40.42403996,-86.90682373,0.362560661,6,5,1
2543 Neil Armstrong Dr G,"2543 Neil Armstrong Dr, West Lafayette IN 47906",3,2,750,1000,40.4549763,-86.9304577,2.26772577,4,2,0
1625 Columbia,"1625 Columbia St, Lafayette IN 47901",2,1,685,730,40.41815822,-86.87867896,1.895781005,0,0,0
Stratford II,"305 N. Salisbury St., West Lafayette IN 47906",4,2,450,1056,40.42585914,-86.90574435,0.422749498,6,5,1
Ridgway Rentals Perrin Ave,"221 Perrin Avenue, Lafayette IN 47901",0,1,415,450,40.4192707,-86.88233792,1.690632414,0,0,0
Winterset,"2341 Winterset Drive, Lafayette IN 47909",3,2,1100,1286,40.37368571,-86.86933625,4.231060786,0,0,0
810 Princess,"810 Princess, West Lafayette IN 47906",4,2,800,1700,40.44689444,-86.91593695,1.534404446,3,1,2
Centennial Vista,"516 N. 6th Street, Lafayette IN 47901",2,1,730,1000,40.42207783,-86.89077192,1.217899865,4,2,0
132 Sylvia St,"132 Sylvia Street, West Lafayette IN 47906",1,1,475,400,40.42988801,-86.90679555,0.505497258,6,5,4
116 Pierce Street,"116 Pierce Street, West Lafayette IN 47906",2,1,509,650,40.42224276,-86.90926085,0.289183042,6,4,3
N 7th St,"425 N 7th St, Lafayette IN 47901",3,1,690,600,40.42125543,-86.889339,1.301847393,3,1,0
The Vintage,"230 South Grant Street, West Lafayette IN 47906",0,1,710,375,40.42105188,-86.91020266,0.314067638,6,3,4
226 S Grant St,"226 S Grant St, West Lafayette IN 47906",1,1,645,450,40.4210887,-86.91020311,0.311979887,6,3,4
1317 Columbia                                     ,"1317 Columbia,  Lafayette IN 47902",3,2,825,1000,40.41815872,-86.88200137,1.726612332,0,0,0
223 Dehart St,"223 Dehart St, West Lafayette IN 47906",3,1,700,1200,40.43257063,-86.90304106,0.776359727,6,0,0
520 Vine,"520 Vine St, West Lafayette IN 47906",2,1,900,1000,40.43010504,-86.90806398,0.47191968,6,5,2
Crosspointe,"3983 Amelia Ave, Lafayette IN 47905",1,1,595,700,40.39816327,-86.83083518,4.729935208,0,0,0
128 E. Oak Street,"128 E Oak St, West Lafayette IN 47906",5,2,1850,1800,40.43178064,-86.90400673,0.701895382,6,1,1
Chauncey Square Apartments,"120 South Street, West Lafayette IN 47906",2,2,700,762,40.42398441,-86.90637484,0.386483487,6,5,1
1824 Wilson Street,"1824 Wilson Street, Lafayette IN 47904",2,1,665,1056,40.42963916,-86.877063,1.95416991,0,1,0
612  Stockbridge  Lane,"612 Stockbridge Lane, Lafayette IN 47909",3,1.5,1200,2065,40.38274915,-86.91620743,2.906845287,0,0,0
303 Romig St,"303 Romig St, Lafayette IN 47901",1,1,525,650,40.413759,-86.8940389,1.281818151,2,1,0
214 W. Lutz St.,"214 W Lutz Ave, West Lafayette IN 47906",4,1.5,1575,2742,40.42890285,-86.90725158,0.441806913,6,5,1
510 SALISBURY LARGE SPACE,"510 N Salisbury St, West Lafayette IN 47906",6,2,495,2000,40.43013918,-86.90558052,0.564193985,6,3,2
220 Sylvia St,"220 Sylvia St, West Lafayette IN 47906",4,2,395,2000,40.42989708,-86.90743831,0.482419092,6,5,3
539 S. 3Rd Street,"539 S. 3rd Street, Lafayette IN 47905",3,1,660,1200,40.41177503,-86.894093,1.365497018,1,1,0
907 Vine Street,"907 Vine Street, West Lafayette IN 47906",4,2,1400,1796,40.43419243,-86.90838401,0.708194264,6,2,0
443 Vine Street,"443 Vine Street, West Lafayette IN 47906",3,1,450,2000,40.428961,-86.908272,0.405279716,6,5,1
311 WEST OAK,"311 W Oak St, West Lafayette IN 47906",3,2,500,1500,40.43166704,-86.90854195,0.5476751,6,3,3
814 S 24th St,"814 S 24th St, Lafayette IN 47905",2,1,500,700,40.40901318,-86.86975647,2.553286641,0,0,0
White Pines,"2838 Plaza Ln, Lafayette IN 47909",1,1,620,700,40.3876313,-86.90818553,2.582352802,0,1,0
1155 Anthrop,"1155 Anthrop Drive, West Lafayette IN 47906",2,1,740,900,40.45188294,-86.9232476,1.941270948,4,3,0
Cochran Apartments,"527 North Grant Street, West Lafayette IN 47906",4,2,485,1000,40.43098,-86.910521,0.460183084,6,4,2
Granite Management,"229 Littleton Street, West Lafayette IN 47906",4,2,435,1100,40.4254443,-86.90425371,0.496568119,6,5,2
3104 Kilbourne Court,"3104 Kilbourne Court, Lafayette IN 47909",2,2,775,1380,40.38422507,-86.91360788,2.801717116,0,0,0
FUSE,"720 Northwestern Avenue, West Lafayette IN 47906",2,2,949,790,40.43261975,-86.91480593,0.546481734,5,2,3
Bridgewater Duplexes,"2024 A Bridgewater Circle, Lafayette IN 47909",3,2,895,1200,40.37190534,-86.87167177,4.269378979,0,0,0
115 East Columbia Street,"115 E Columbia St, West Lafayette IN 47906",1,1,700,450,40.42472958,-86.90493403,0.458538089,6,5,0
Weida Apartments,"330 West Lutz Avenue, West Lafayette IN 47906",4,1,430,1400,40.42896879,-86.90974227,0.356063086,6,5,1
TAD Properties Of Lafayette,"1018 South 4th Street, Lafayette IN 47905",2,2,675,850,40.40660437,-86.89308026,1.657241909,0,0,0
321 Lawn Ave.,"321 Lawn Ave, West Lafayette IN 47906",3,1,1260,1000,40.43266466,-86.9087811,0.603248616,6,3,0
1603 North 13th.St.,"1603 North 13th.St., Lafayette IN 47904",1,1,500,450,40.43341351,-86.8833175,1.70411713,0,0,0
1725 Columbia St,"1725 Columbia St, Lafayette IN 47901",1,1,495,685,40.41815476,-86.87764982,1.948438282,0,0,0
606 N. 30Th St.,"606 N 30th St, Lafayette IN 47904",3,1,700,936,40.42465354,-86.86308365,2.660475475,0,1,0
Stratford I,"122 North St., West Lafayette IN 47906",3,1,1410,950,40.42580817,-86.90638361,0.389038153,6,5,1
915-919 North St,"919 North Street, Lafayette IN 47904",1,1,475,740,40.42082973,-86.88656684,1.450639616,1,1,3
Princess Drive,"905 Princess Dr, West Lafayette IN 47906",2,1,575,725,40.44677871,-86.917193,1.533056525,3,1,1
1010 North St,"1010 North St, Lafayette IN 47904",1,1,550,600,40.42099807,-86.88566924,1.494987021,1,1,3
511 Dodge,"511 Dodge St, West Lafayette IN 47906",3,2,1500,1600,40.43316527,-86.91192877,0.587794089,6,2,2
1827 Main St. Lafayette,"1827 Main St, Lafayette IN 47904",3,2,1075,2400,40.414431,-86.875505,2.13030466,0,0,0
35 N. 29Th St.,"35 N 29th St, Lafayette IN 47904",2,1,675,842,40.41776764,-86.86404614,2.654350444,0,1,0
812 Vine,"812 Vine St, West Lafayette IN 47906",0,1,525,400,40.43338002,-86.90813954,0.662411954,6,2,0
2543-G Franklin Park Apartment,"2543 Neil Armstrong Drive, West Lafayette IN 47906",3,1,350,1800,40.4549763,-86.9304577,2.26772577,4,2,0
132-144 Twyckenham Blvd            ,"132 Twyckenham Blvd., Lafayette                      IN 47909",3,1,695,950,40.383614,-86.892472,3.054551929,0,0,0
Southfork,"314 South Chauncey Avenue, West Lafayette IN 47906",4,1,324,910,40.4195068,-86.90849571,0.453265722,5,3,3
329 Lawn Avenue,"329 Lawn Avenue, West Lafayette IN 47906",3,1,1395,1000,40.43266717,-86.90893873,0.599933069,6,3,0
400 N 9th,"400 N 9th St, Lafayette IN 47904",0,1,450,500,40.421055,-86.886937,1.428636336,2,1,3
600 Evergreen,"600 Evergreen, West Lafayette IN 47906",1,1,650,1000,40.432402,-86.912988,0.529175569,6,2,3
Meharry,"2100 Meharry St, Lafayette IN 47904",4,1,700,1200,40.433947,-86.872779,2.24195368,0,1,0
Benchmark II,"440 South Grant Street, West Lafayette IN 47906",4,2,405,120,40.41781424,-86.91014933,0.514297354,5,2,2
219 Waldron St,"219 Waldron St, West Lafayette IN 47906",4,1,425,900,40.42649834,-86.9180304,0.25988521,6,2,2
Summer 2014 Sublease,"400 North River Road, West Lafayette IN 47906",0,1,535,279,40.4256701,-86.9022181,0.604690647,6,5,1
224 S. Salisbury Street,"224 S Salisbury St, West Lafayette IN 47906",2,1,910,800,40.42082698,-86.90644839,0.46638049,5,5,2
3002 Butterfield Court,"3002 Butterfield Court, Lafayette IN 47909",2,2,825,1200,40.38472507,-86.91208882,2.768376855,0,0,0
Abby Manor,"360 Northwestern Ave, West Lafayette IN 47906",0,1,815,354,40.4506905,-86.9254093,1.895818709,4,1,1
715 N. 10Th St. Apt #1,"715 N 10th St, Lafayette IN 47904",1,1,550,500,40.42385515,-86.88586465,1.463208615,2,0,4
The Fairway Purdue,"1305 Palmer Drive, West Lafayette IN 47906",1,1,850,925,40.45205201,-86.92885224,2.048689028,4,2,0
1315 Morton,"1315 Morton St, Lafayette IN 47904",1,1,500,685,40.43108817,-86.88309214,1.666048323,0,0,0
Bower Housing,"401 Harrison Street, West Lafayette IN 47906",3,1,440,1350,40.420222,-86.910466,0.355685411,5,3,4
979 Devon St.,"979 Devon St., West Lafayette IN 47906",4,2,500,1800,40.45688095,-86.92116917,2.254863339,4,4,0
400 S. Grant,"400 S Grant St, West Lafayette IN 47906",2,1,850,650,40.418374,-86.910158,0.478199216,5,2,3
White Pines Duplexes,"2838 Plaza Lane, Lafayette IN 47909",2,2,670,952,40.3876313,-86.90818553,2.582352802,0,1,0
Mayfair Village Apartments,"2450 Sycamore Lane, West Lafayette IN 47906",1,1,515,680,40.45193586,-86.92133511,1.921142018,4,4,0
502 Dorsett Dr ,"502 Dorsett Dr, Lafayette IN 47909",2,2,795,1000,40.3867136,-86.8928363,2.848726402,0,0,0
1120 N 7Th St,"1120 N 7th St, Lafayette IN 47904",3,1,725,1200,40.42798912,-86.88962533,1.283486687,3,0,0
473 Maple St,"473 Maple St, West Lafayette IN 47906",3,2,1425,1200,40.42986306,-86.90451499,0.596014324,6,4,1
1823 Pierce St,"1823 Pierce St, Lafayette IN 47904",3,1,725,1300,40.43031473,-86.8771038,1.960648342,0,1,0
Grante,"300 N Salisbury St, West Lafayette IN 47906",4,2,400,1000,40.425833,-86.905529,0.433589163,6,5,1
118 East  Oak Street,"118 East Oak Street, West Lafayette IN 47906",6,2,2500,2200,40.43178131,-86.90412985,0.697260606,6,1,1
Anthrop Place,"1160 Anthrop Dr, West Lafayette IN 47906",1,1,500,720,40.45205236,-86.92346191,1.955525332,4,3,0
2221 Huron Rd.,"2221 Huron Rd, West Lafayette IN 47906",3,1,1050,2000,40.44916769,-86.91071245,1.693851055,3,4,0
1314-1316 Morton St,"1314 Morton Street, Lafayette IN 47904",3,1,725,1100,40.43125217,-86.88309228,1.669049751,0,0,0
631 Perrin Ave.,"631 Perrin Ave., Lafayette IN 47904",1,1,575,800,40.42240953,-86.87876107,1.842825204,0,0,0
1026-1028 N. 8Th St,"1028 N 8th St, Lafayette IN 47904",2,1,600,800,40.42702757,-86.88841316,1.336945522,3,0,2
503 North Grant,"503 North Grant Street, West Lafayette IN 47906",2,1,880,700,40.43021508,-86.91051802,0.411310143,6,5,3
632 Ferry Street,"632 Ferry Street, Lafayette IN 47901",1,1,550,650,40.42013935,-86.89016856,1.276095204,4,2,2
Benchmark 2,"440 S Grant St., West Lafayette IN 47906",4,1,435,1000,40.41781424,-86.91014933,0.514297354,5,2,2
2114 Mccormick Rd,"2114 McCormick Rd, West Lafayette IN 47906",4,4,399,1440,40.44788099,-86.94381821,2.252093551,2,0,0
1725 Summit,"1725 Summit, West Lafayette IN 47906",4,2,500,2100,40.44286514,-86.92106732,1.310641736,2,0,0
Main Street 1712,"1712 Main Street, Lafayette IN 47905",0,1,505,610,40.41595825,-86.87693366,2.025439864,0,0,0
Chauncey Square,"102 North Chauncey Avenue, West Lafayette IN 47906",2,2,889,765,40.42403996,-86.90682373,0.362560661,6,5,1
279 Crum Court,"279 Crum Court, West Lafayette IN 47906",3,1,480,1576,40.42753471,-86.90464978,0.510787204,6,5,2
1427 Alabama St,"1427 Alabama St, Lafayette IN 47905",1,1,575,1100,40.41632837,-86.88128393,1.799969175,0,0,0
Crewview,"320 Brown Street, West Lafayette IN 47906",3,2,1050,1100,40.42456435,-86.8997056,0.733751152,6,5,0
1116 Brown St,"1116 Brown Street, Lafayette IN 47904",1,1,450,480,40.4219104,-86.8847219,1.534721466,1,0,0
609 Dodge St.,"609 Dodge St., West Lafayette IN 47906",2,2,1200,1000,40.43318823,-86.91308617,0.58312417,6,2,2
418 S Grant St,"418 S Grant St, West Lafayette IN 47906",3,2,975,900,40.41812211,-86.91015406,0.494395518,5,2,2
820 Salem St,"820 Salem Street, Lafayette IN 47904",3,1,900,1576,40.42578087,-86.88793259,1.354872632,3,0,3
Southfork Apartment,"314 South Chauncey Avenue, West Lafayette IN 47906",4,2,360,1000,40.4195068,-86.90849571,0.453265722,5,3,3
111-117 South 6Th St,"111-117 South 6th St, Lafayette IN 47901",3,1,750,1200,40.41626638,-86.89050126,1.352130741,2,1,0
229 Littleton Street,"229 Littleton Street, West Lafayette IN 47906",4,2,435,1720,40.4254443,-86.90425371,0.496568119,6,5,2
Sugarhill Corporation,"460 Vine Street, West Lafayette IN 47906",4,2,1350,1200,40.42916204,-86.90805806,0.423089368,6,5,1
Mccormick Place,"2112 McCormick Rd, West Lafayette FL 47906",1,1,760,750,40.44785287,-86.9438857,2.253220056,2,0,0
Kestral,"2178 Kestral Blvd., West Lafayette IN 47906",3,2,1480,1200,40.4442572,-86.9399545,1.931457208,1,0,1
Parkview,"221 W Wood St, West Lafayette IN 47906",0,1,600,298,40.4212953,-86.906342,0.45301622,5,5,2
"Chauncey Hill North, LLC","125 South St, West Lafayette IN 47906",2,1,500,1200,40.42381951,-86.90640001,0.386927473,6,5,1
1038 Heath Street,"1038 Heath Street, Lafayette IN 47904",4,2,200,250,40.42892818,-86.88545654,1.51097099,1,0,0
330 Pearl St.,"330 Pearl St., West Lafayette IN 47906",3,1,1100,850,40.42852962,-86.90920959,0.349798935,6,5,1
1 BR In PRF Apartment,"333 South Grant Street, West Lafayette IN 47906",2,1,360,650,40.419405,-86.910391,0.408014423,5,3,5
3843 Morris Drive,"3843 Morris Drive, Lafayette IN 47905",3,1.5,850,1000,40.40701202,-86.83645217,4.243403573,0,1,0
1218 Kossuth St.,"1218 #2 Kossuth St., Lafayette IN 47905",1,1.5,685,1000,40.41009547,-86.88207573,1.946218423,0,0,0
403 S 3Rd St,"403 3rd St, Lafayette IN 47901",3,1,750,1000,40.4169414,-86.8942366,1.155633908,4,2,0
3502 Thornhill Circle W,"3502 Thornhill Circle W, Lafayette IN 47909",2,2,795,1169,40.3714817,-86.8988369,3.764100902,0,0,0
508 S 10th Street,"508 S 10th Street, Lafayette IN 47905",4,2,1200,2200,40.41185029,-86.88537512,1.734874916,0,0,0
202 Sylvia St,"202 Sylvia Street, West Lafayette IN 47906",2,1,475,800,40.42989487,-86.90730684,0.48701958,6,5,3
221 Sharon,"221 Sharon Rd, West Lafayette IN 47906",3,1,835,1001,40.4544236,-86.90114302,2.153018081,1,1,1
Bigger Vine,"461 Vine St, West Lafayette IN 47906",2,1,1000,1000,40.42919982,-86.90827438,0.417172961,6,5,1
500 N. River Road,"500 N River Rd, West Lafayette IN 47906",0,1,475,350,40.4256701,-86.9022181,0.604690647,6,5,1
"608 S 14Th St., Lafayette","608 S. 14th St., Lafayette IN 47905",0,1,425,450,40.41108956,-86.88181952,1.923052004,0,0,0
416 Brown St,"416 Brown, Lafayette IN 47901",2,1,700,700,40.4219027,-86.89279053,1.115130228,5,3,0
216 S 5th St,"216 S 5th St, Lafayette IN 47901",2,1,450,700,40.41494016,-86.89191166,1.330059871,2,1,0
Keystone,"901 N 6th St, Lafayette IN 47904",1,1,610,640,40.425822,-86.890615,1.214121355,4,0,1
1303-1305 N. 13Th St,"1305 N 13th St, Lafayette IN 47904",2,1,795,1180,40.430017,-86.8832295,1.641132512,0,0,0
703 Evergreen,"703 Evergreen Street, West Lafayette IN 47906",3,1,556,848,40.43225675,-86.91401366,0.518347936,6,2,2
Windsor West ,"1190 Windsor Drive, West Lafayette IN 47906",2,1,450,750,40.44814233,-86.92278585,1.685892375,3,2,1
520 Elston Road,"520 Elston Road, Lafayette IN 47909",3,1,750,1500,40.392902,-86.9082641,2.220171285,0,1,0
25 North 21st Street,"25 N 21St Street, Lafayette IN 47904",1,1,400,450,40.41762323,-86.87337713,2.17567622,0,0,0
Parkwood,"261 West Wood Street, West Lafayette IN 47906",2,2,580,650,40.4212953,-86.906342,0.45301622,5,5,2
511 Evergreen,"511 Evergreen St, West Lafayette IN 47906",3,2,1200,1300,40.43221922,-86.91189225,0.5236206,6,2,3
Lahr Apartments,"117 North 5th Street, Lafayette IN 47901",2,1,1058,1058,40.4184618,-86.89175,1.231789547,4,2,6
Riverbend,"202 South River Road, West Lafayette IN 47906",4,1.5,540,1400,40.42045661,-86.90520609,0.534689461,5,5,2
209 North Street,"209 North St, West Lafayette IN 47906",0,1,795,350,40.42566412,-86.90715141,0.347502009,6,5,2
Cedarwood-Cochran Mgmt,"527 N Grant St, West Lafayette IN 47906",3,2,540,1000,40.43098,-86.910521,0.460183084,6,4,2
130 West Lutz Avenue,"130 West Lutz Avenue, West Lafayette IN 47906",4,1,410,2000,40.42889092,-86.90646748,0.473492158,6,4,0
638-640 Oregon St,"638 Oregon St, Lafayette IN 47901",3,1.5,825,1350,40.4157407,-86.88975654,1.403298688,1,1,0
Apt. 622,"320 Brown St, West Lafayette IN 47906",3,2,1035,1100,40.42456435,-86.8997056,0.733751152,6,5,0
102   E. Oak Street,"102 E. Oak Street, W. Lafayette, West Lafayette IN 47906",6,3,2670,2000,40.43178239,-86.90432684,0.689906706,6,1,2
3514/3516 Thornhill Circle W.,"3516 Thornhill Circle W, Lafayette IN 47909",2,2,795,900,40.37159577,-86.89904902,3.754086379,0,0,0
315 N. 10th,"315 N 10th St, Lafayette IN 47904",3,1,575,1200,40.42023601,-86.88577083,1.499826834,1,1,2
Parkwood Apartments,"261 W Wood St, West Lafayette IN 47906",2,2,560,750,40.4212953,-86.906342,0.45301622,5,5,2
Ed Nichols Apartments,"420 S Chauncey Ave, West Lafayette IN 47906",2,1,475,700,40.42789091,-86.90685159,0.417928945,6,4,1
509 Evergreen,"509 Evergreen St, West Lafayette IN 47906",4,3,1575,2000,40.43221888,-86.9118746,0.523762177,6,2,3
630 N 5th st,"630 N 5th St, Lafayette IN 47901",1,1,500,686,40.4231269,-86.89200598,1.14434189,4,3,1
612 South 11Th Street-1 Bedroom,"612 South 11th Street, Lafayette IN 47905",1,1,495,800,40.41085225,-86.88424966,1.821378117,0,0,0
288 Lincoln St,"288 Lincoln St, West Lafayette IN 47906",4,2,1300,1700,40.43450206,-86.90186815,0.915049605,6,0,0
1229 Wabash,"1229 Wabash Ave, Lafayette IN 47905",3,1,1250,1500,40.40728113,-86.90172872,1.361320486,0,0,0
1138 Anthrop Condo,"1138 Anthrop Drive, West Lafayette IN 47906",2,1.5,800,1500,40.45204389,-86.9229518,1.948047333,4,3,0
443 Vine St,"443 Vine ST., West Lafayette IN 47906",3,1,1350,1400,40.428961,-86.908272,0.405279716,6,5,1
1428 Northwestern,"1428 Northwestern Avenue, West Lafayette IN 47906",0,1,500,441,40.4398307,-86.91777685,1.063865883,3,0,0
910 Union St,"910 Union St, Lafayette IN 47905",3,3,900,900,40.42478686,-86.88669139,1.418358024,2,0,4
2220 Roselawn,"2220 Roselawn, Lafayette IN 47905",3,1,700,700,40.42894747,-86.87064191,2.281135148,0,1,0
401 Harrison Street,"401 Harrison Street, West Lafayette IN 47906",4,1,330,1050,40.420222,-86.910466,0.355685411,5,3,4
222 Pierce Street,"222 Pierce St, West Lafayette IN 47906",6,2,3675,1859,40.42141587,-86.90903713,0.335216633,6,4,2
226 Pierce Street,"226 Pierce St, West Lafayette IN 47906",4,2,2500,1662,40.42136231,-86.90903564,0.337837735,6,4,2
14 N 2nd Street,"14 N 2nd St, Lafayette IN 47901",2,2,1500,1700,40.41751488,-86.89557714,1.074748682,5,3,1
515 Meridian-Close To Mackey,"515 Meridian St, West Lafayette IN 47906",3,1,1395,1000,40.43409659,-86.91199743,0.650977911,5,2,2
3303 Peppermill Drive,"3303 Peppermill Drive, West Lafayette IN 47906",1,1,607,625,40.46160816,-86.92612117,2.629758838,4,1,2
539 duroc c t  B,"539 Duroc Ct, Lafayette IN 47909",2,1,650,900,40.385733,-86.8925895,2.916321547,0,0,0
1424 Howell St.,"1424 Howell St., Lafayette IN 47904",3,1,550,933,40.43034579,-86.88192953,1.712870524,0,0,0
Sheetz Street Apartments,"217 Sheetz St, West Lafayette IN 47906",2,1,900,600,40.42178038,-86.91231087,0.217776485,6,3,1
Basham Rentals,"325 South Chauncey Avenue, West Lafayette IN 47906",2,2.5,695,1250,40.4197806,-86.90860478,0.434719943,5,4,3
Corner Duplex,"6001/2 Evergreen St, West Lafayette IN 47906",1,1,700,900,40.4323276,-86.9128293,0.524664864,6,2,3
417 N 11th St,"417 N 11th St, Lafayette IN 47904",2,1,500,700,40.42115207,-86.88485592,1.535378689,1,0,1
1013 S. 2Nd Street,"1013 S. 2nd Street, Lafayette IN 47904",3,1.5,675,1150,40.40663367,-86.89525118,1.583392279,0,0,0
The Fairway Apartments,"1314 Palmer Drive, West Lafayette IN 47906",3,3,1100,1294,40.45235104,-86.92814634,2.0536547,4,2,1
Riverwalk Apartment,"1714 North 9th Street, Lafayette IN 47904",2,2,680,780,40.4399631,-86.8858872,1.799129785,0,0,0
724 N Salisbury St.,"724 N Salisbury St., West Lafayette IN 47906",4,2,380,1600,40.43200839,-86.90562135,0.655137205,6,3,4
226 West Lutz Avenue,"226 W Lutz Ave, West Lafayette IN 47906",5,2,3375,1800,40.42890478,-86.90735836,0.437629841,6,5,1
2541 Neil Armstrong Drive,"2541 Neil Armstrong Drive, West Lafayette IN 47906",2,1,650,750,40.45387837,-86.92876594,2.163786814,4,2,0
339 1/2 Sylvia Street,"339 1/2 Sylvia Street, West Lafayette IN 47906",2,1,550,1000,40.42975882,-86.909077,0.42086407,6,5,1
426 Salisbury St,"426 N Salisbury St, West Lafayette IN 47906",6,2,1425,5000,40.42842123,-86.90555821,0.495138772,6,4,0
1215 N 13Th Street,"1215 N 13th St, Lafayette IN 47904",4,3,1295,2200,40.4293026,-86.88321535,1.631655137,0,0,0
46 N Salisbury St,"46 N Salisbury St, West Lafayette IN 47906",3,1,440,1800,40.42403165,-86.905507,0.431352909,6,5,0
Moskowitz Apartments,"329 Pearl St, West Lafayette IN 47906",5,2,380,2000,40.42836442,-86.90919858,0.341781114,6,5,2
1015 Hartford,"1015 Hartford St, Lafayette IN 47904",2,1,775,1100,40.42761268,-86.88558017,1.489876192,2,0,2
908 Northwestern Ave.,"908 Northwestern Ave, West Lafayette IN 47906",3,2,1671,1802,40.43435004,-86.9150988,0.667045694,5,2,0
M & K Rentals,"2410 Union St, Lafayette IN 47905",1,1,400,500,40.42485756,-86.86956314,2.319556437,0,1,0
2543 Neil Armstrong Drive,"2543 Neil Armstrong Drive, West Lafayette IN 47906",3,2,750,1200,40.4549763,-86.9304577,2.26772577,4,2,0
118 S. 7th St,"118 South 7th Street,  Lafayette IN 47904",3,1,660,950,40.41622861,-86.88865991,1.441087229,1,1,0
Westwood Apartments,"222 W Wood St, West Lafayette IN 47906",4,2,1580,1100,40.4212953,-86.906342,0.45301622,5,5,2
University Terrace,"130 East State Street, West Lafayette IN 47906",2,2,625,799,40.42301747,-86.90608294,0.415949598,6,5,0
621 S. 26th St.,"621 S 26th St, Lafayette IN 47904",3,2,850,2000,40.4112282,-86.8671031,2.62177136,0,0,0
116 Fowler,"116 Fowler, West Lafayette IN 47906",6,1,2587,3000,40.42758706,-86.90635925,0.430374605,6,4,2
1412 Howell St.,"1412 Howell St., Lafayette IN 47904",1,1,450,500,40.43034521,-86.88202626,1.707903333,0,0,0
Cherry Hill,"1428 Northwestern Ave, West Lafayette IN 47906",5,3,3000,2500,40.4398307,-86.91777685,1.063865883,3,0,0
917 North 9Th Street,"917 North 9th Street, Lafayette IN 47904",2,1,650,750,40.42594815,-86.88684623,1.41257864,2,0,3
611 N Salisbury St ,"611 N Salisbury St , West Lafayette IN 47906",3,2,1350,1533,40.43114496,-86.90580627,0.604045021,6,5,3
Southridge Commons (Deposit Paid),"2319 Old Romney Rd, Lafayette IN 47909",0,1,525,412,40.39410464,-86.91306098,2.119116235,0,1,0
Chauncey Townhomes,"224 South Chauncey Avenue, West Lafayette IN 47906",4,2.5,2440,1300,40.42116881,-86.90777653,0.396420614,6,5,0
403 Littleton St,"403 Littleton St, West Lafayette IN 47906",4,2,465,2500,40.42785227,-86.90323165,0.588232377,6,5,1
326 Northwestern Ave.,"326 Northwestern Ave., West Lafayette IN 47906",1,1,700,800,40.427325,-86.90958473,0.277672948,6,5,4
3983 Amelia Ave ,"3983 Amelia Ave, Lafayette IN 47905",3,1,825,1158,40.39816327,-86.83083518,4.729935208,0,0,0
2004 North Salisbury Street,"2004 N Salisbury St, West Lafayette IN 47906",4,1,1199,1900,40.447039,-86.914691,1.540643232,3,3,3
109 Connolly Street,"109 Connolly Street, West Lafayette IN 47906",3,1,1200,1500,40.43349791,-86.90497591,0.756805034,6,1,2
Mccormick Place Apts,"2110 McCormick Rd, West Lafayette IN 47906",3,3,400,1366,40.44782476,-86.94395319,2.254353267,2,0,0
1109 Tippecanoe Street,"1109 Tippecanoe Street, Lafayette IN 47904",6,2,1950,4500,40.42664404,-86.88405117,1.562671278,1,0,0
3716 Exeter Court,"3716 Exeter Court, Lafayette IN 47905",3,1,775,1075,40.42754023,-86.84521413,3.605697971,0,0,0
1723 Greenbush St,"1723 Greenbush, Lafayette IN 47905",1,1,450,700,40.43200218,-86.87859741,1.910802945,0,1,0
801 S 9th St,"801 S 9th St, Lafayette IN 47905",1,1,500,700,40.408743,-86.88633,1.814478389,0,0,0
715 N. 10Th St. Apt #2,"715 N 10th St, Lafayette IN 47904",3,2,750,1200,40.42385515,-86.88586465,1.463208615,2,0,4
1811 N. 13Th St.,"1811 N. 13th St., Lafayette IN 47904",5,2,1350,2700,40.43542087,-86.88336579,1.755278101,0,0,0
1014 Lindberg Rd,"1014 Lindberg Rd, West Lafayette IN 47906",0,1,495,600,40.44599622,-86.91954422,1.500005235,2,2,0
Parker Apartments,"615 North St, Lafayette IN 47901",1,1,330,1000,40.42087843,-86.890384,1.253192068,4,2,0
Ridgway Rentals-N 6Th St,"930 N 6th St, Lafayette IN 47904",1,1,415,500,40.42604783,-86.89083177,1.203786509,4,0,1
519 Erie,"519 Erie Street, Lafayette IN 47904",3,3,450,1510,40.422392,-86.88202,1.672211302,0,0,0
409 West Stadium,"409 West Stadium Avenue, West Lafayette IN 47906",2,1,880,861,40.43124293,-86.91065062,0.474889182,6,3,2
325 Jefferson Drive,"325 Jefferson Drive, West Lafayette IN 47906",3,2,450,1840,40.43539877,-86.90927519,0.770324504,5,2,0
320 Brown Street,"320 Brown Street, West Lafayette IN 47906",3,2,1110,1100,40.42456435,-86.8997056,0.733751152,6,5,0
122 Fowler Ave,"122 Fowler Ave, West Lafayette IN 47906",2,1,350,800,40.42759153,-86.90639005,0.429072147,6,4,2
House For Rent,"S 4th Street, Lafayette IN 47901",3,1,650,1000,40.405996,-86.8929548,1.693546563,0,0,0
119 S. 31st,"119 S 31st St, Lafayette IN 47904",2,1,600,1000,40.41581159,-86.86178209,2.798358382,0,1,0
Chauncey Hill North,"125 South St, West Lafayette IN 47906",2,4,500,1200,40.42381951,-86.90640001,0.386927473,6,5,1
118 Fowler Ave.,"118 FOWLER AVE, West Lafayette IN 47906",8,3,3450,4000,40.42758855,-86.90636952,0.429940188,6,4,2
Grant Street Station,"320 S. Grant Street, West Lafayette IN 47906",3,3,745,217,40.41972588,-86.91018255,0.392969727,5,3,5
305 N. Salisbury St.  Stratford II   Granite Mgmt,"305 N Salisbury St, West Lafayette IN 47906",4,2,1780,1056,40.42585914,-86.90574435,0.422749498,6,5,1
405 Maple St,"405 Maple St, West Lafayette IN 47906",3,1,1200,1000,40.42793127,-86.90449902,0.528896711,6,5,1
"Cole Property Management, Inc.","1626 Main St, Lafayette IN 47904",3,1,695,100,40.41710556,-86.87821184,1.93824686,0,0,0
Highland Park Place,"519 Owen Street, Lafayette IN 47905",1,1,850,840,40.40523473,-86.89144073,1.785283796,0,0,0
2849 Henderson,"2849 Henderson, West Lafayette IN 47906",4,3,1497,3000,40.45846018,-86.90694631,2.355577001,2,3,0
Fairway Apartments,"1314 Palmer Dr, West Lafayette IN 47906",3,3,433,1300,40.45235104,-86.92814634,2.0536547,4,2,1
136 East Stadium Avenue,"136 East Stadium Avenue, West Lafayette IN 47906",3,1,350,2071,40.430848,-86.90410485,0.655032852,6,2,2
818 N. 7th St.,"818 N 7th St, Lafayette IN 47904",3,1,750,900,40.42495986,-86.88961384,1.264666571,4,0,0
Harrison Square,"241 Sheetz Street, West Lafayette IN 47906",4,2,300,1000,40.42139096,-86.91230742,0.243454444,6,3,1
819 VINE ST,"819 Vine Street, West Lafayette IN 47906",4,4,475,2700,40.43305234,-86.90834404,0.637340239,6,2,0
401 S Chauncey Ave,"401 S Chauncey Ave, West Lafayette IN 47906",4,2,415,1400,40.418338,-86.909129,0.503686117,5,2,4
124 S 6th Street,"124 S 6th Street,  Lafayette IN 47901",3,2,1185,1900,40.415528,-86.890699,1.365859754,2,1,0
608 S.14Th St.,"608 S 14th St, Lafayette IN 47905",1,1,425,450,40.41108956,-86.88181952,1.923052004,0,0,0
120 Asher Street Apt 1,"120-1 Asher St, Lafayette IN 47905",1,1,425,725,40.41853442,-86.87914195,1.865972216,0,0,0
PRF,"125 N Waldron, West Lafayette IN 47906",3,3,600,1000,40.42551624,-86.91802371,0.235998915,5,0,2